budget,model,strategy,objective,solver,config,avg_decision_coverage,avg_density_phi,decision_D1_coverage,decision_D2_coverage,decision_D3_coverage,decision_D4_coverage,decision_D5_coverage,global_gr_coverage,redundancy_score,semantic_volume
500,BAAI/bge-m3,prior,mmr,greedy,prior/mmr/greedy,0.7083641881968319,0.026085277360354393,0.7049083538196329,0.7101962149659827,0.7058533101290918,0.6926709453212985,0.6398941924436397,0.6919924229928618,0.32706138807928786,-0.43302902979951985
500,BAAI/bge-m3,prior,graphcut,greedy,prior/graphcut/greedy,0.7090258313058405,0.025987604136561166,0.7070033625442601,0.7081114089686003,0.7065713782846851,0.6950801617413694,0.6398941924436397,0.6954067657567403,0.32442060169183984,-0.5020632372712189
500,BAAI/bge-m3,prior,fl,greedy,prior/fl/greedy,0.8343353132995991,0.019118026210838614,0.8358734882206191,0.8333757112828364,0.8220026004886151,0.8184157344381545,0.8046166471054438,0.8203892972915963,0.5257821860459616,-0.9110418060478175
500,BAAI/bge-m3,prior,mmr,cost_norm,prior/mmr/cost_norm,0.7201848307282772,0.025033203234790632,0.7135696775349453,0.7227455103717063,0.7173672034330607,0.6788994632583029,0.6464603743163923,0.6970334920394036,0.36462680672137243,-0.3050622814598511
500,BAAI/bge-m3,prior,graphcut,cost_norm,prior/graphcut/cost_norm,0.7211888932115916,0.025080311990712048,0.714840240060022,0.7230787391724078,0.7177918203215655,0.6787893120341706,0.6464603743163923,0.6996554122612598,0.36265105487040755,-0.30367052375848563
500,BAAI/bge-m3,prior,fl,cost_norm,prior/fl/cost_norm,0.8467089839474893,0.019485027841204462,0.8493194882769587,0.8445934841568862,0.8373888578631795,0.8343467813912455,0.8029351702847273,0.8329686086858105,0.48670270856259,-2.358529380469952
500,BAAI/bge-m3,prior,dpp,dpp,prior/dpp/dpp,0.6663268802324911,0.034110767090306526,0.6622080160704419,0.6714383379035693,0.6563803519846234,0.6269342294293389,0.6763068643728368,0.6323079051224697,0.4531785251115853,-0.7321251994877491
500,BAAI/bge-m3,prior,mmr,topk,prior/mmr/topk,0.6490891854425455,0.036371119575188404,0.6457294119568646,0.6514295193554483,0.6462045837633279,0.6403310470922288,0.7289870269788341,0.6176056922990023,0.6551380333191944,-7.2707878675241515
500,BAAI/bge-m3,prior,graphcut,topk,prior/graphcut/topk,0.6490891854425455,0.036371119575188404,0.6457294119568646,0.6514295193554483,0.6462045837633279,0.6403310470922288,0.7289870269788341,0.6176056922990023,0.6551380333191944,-7.2707878675241515
500,BAAI/bge-m3,prior,fl,topk,prior/fl/topk,0.6490891854425455,0.03637111959276053,0.6457294119568646,0.6514295193554483,0.6462045837633279,0.6403310470922288,0.7289870269788341,0.6176056922990023,0.6551380333191944,-7.2707878675241515
500,NovaSearch/stella_en_1.5B_v5,prior,mmr,greedy,prior/mmr/greedy,0.6077245317523631,0.0632290440295243,0.6122874830139038,0.6097219277349691,0.5918510600963842,0.6099771462506393,0.570075823668639,0.5840376581545856,0.12109621343607048,-0.08814882530531065
500,NovaSearch/stella_en_1.5B_v5,prior,graphcut,greedy,prior/graphcut/greedy,0.6051062673104535,0.06246882078747423,0.6098149117395936,0.6056187726877319,0.5885903227843958,0.6069620916344808,0.570075823668639,0.5843047638374003,0.11415667129012774,-0.08366973441128295
500,NovaSearch/stella_en_1.5B_v5,prior,fl,greedy,prior/fl/greedy,0.7995977516756317,0.04062670565052134,0.8001719324442583,0.7998942146435566,0.7900268948206903,0.7611730191246777,0.7262212613476065,0.7923848323549271,0.37993140492307126,-0.6821727762520445
500,NovaSearch/stella_en_1.5B_v5,prior,mmr,cost_norm,prior/mmr/cost_norm,0.6144934914703163,0.05786562005479662,0.6106552055179705,0.6168834631851153,0.6068555824793854,0.6701537341574307,0.5692207087653216,0.5983095876660793,0.1440821595771133,-0.09530667289278803
500,NovaSearch/stella_en_1.5B_v5,prior,graphcut,cost_norm,prior/graphcut/cost_norm,0.6194110205528808,0.05740432765440277,0.6196241521874548,0.6236839477421222,0.6054961716755336,0.6597631804322569,0.47667512897021397,0.6032028477035299,0.13640778223579786,-0.08334758921574696
500,NovaSearch/stella_en_1.5B_v5,prior,fl,cost_norm,prior/fl/cost_norm,0.8217280033357995,0.03864912041638679,0.8236482661075873,0.820763199613242,0.8196691439381925,0.7978752569572284,0.7304924851831833,0.8099592021272973,0.37487136305503127,-1.93630857372059
500,NovaSearch/stella_en_1.5B_v5,prior,dpp,dpp,prior/dpp/dpp,0.46783596992265003,0.08316304068133798,0.462799791386814,0.4683225942050612,0.4694816916386607,0.4589070660385027,0.4699198952612474,0.4323188455293132,0.27431623391666504,-0.36487960661014646
500,NovaSearch/stella_en_1.5B_v5,prior,mmr,topk,prior/mmr/topk,0.41533384859155276,0.0872509576257248,0.4142399717247506,0.41293101262034904,0.4093780831509209,0.36601499942995414,0.33810257275460665,0.38177887365322655,0.46113165359030356,-6.202312338945702
500,NovaSearch/stella_en_1.5B_v5,prior,graphcut,topk,prior/graphcut/topk,0.41533384859155276,0.08725095763451086,0.4142399717247506,0.41293101262034904,0.4093780831509209,0.36601499942995414,0.33810257275460665,0.38177887365322655,0.46113165359030356,-6.202312338945702
500,NovaSearch/stella_en_1.5B_v5,prior,fl,topk,prior/fl/topk,0.41533384859155276,0.08725095763451086,0.4142399717247506,0.41293101262034904,0.4093780831509209,0.36601499942995414,0.33810257275460665,0.38177887365322655,0.46113165359030356,-6.202312338945702
500,all-MiniLM-L6-v2,prior,mmr,greedy,prior/mmr/greedy,0.4469861279502176,0.07941655558094664,0.4618762067263817,0.4387243006145884,0.422468430628394,0.398776056678025,0.28041329436478085,0.43209237670911665,-0.0019552462765788287,-0.02569340946282401
500,all-MiniLM-L6-v2,prior,graphcut,greedy,prior/graphcut/greedy,0.4505606376684952,0.07907220271398437,0.46186806233631283,0.43944025197015685,0.435544999044687,0.42409069606858296,0.30436834734606416,0.43865916197004495,-0.008535501387498543,-0.028939840399203293
500,all-MiniLM-L6-v2,prior,fl,greedy,prior/fl/greedy,0.6853717472890933,0.05631254257563994,0.6991529165399571,0.6866340646344199,0.6628145310091167,0.6357106183479592,0.5388904178515622,0.7035186837895561,0.303727134394477,-0.48787641364044315
500,all-MiniLM-L6-v2,prior,mmr,cost_norm,prior/mmr/cost_norm,0.48811689508723205,0.07300824350413848,0.4957615839745383,0.47987469576762526,0.4965349879028728,0.4260195266667931,0.3505502811392739,0.4809887364474674,0.029583774878256867,-0.040076211637395595
500,all-MiniLM-L6-v2,prior,graphcut,cost_norm,prior/graphcut/cost_norm,0.4846589367433625,0.0722119411067018,0.48517158774161223,0.478461150380764,0.4825472870079548,0.48302050309066824,0.33089770791327255,0.48037447315944376,0.02037468833844647,-0.05148921264028001
500,all-MiniLM-L6-v2,prior,fl,cost_norm,prior/fl/cost_norm,0.7308396599219138,0.05632503174315646,0.7374889094717818,0.7314166138351931,0.7103914656372335,0.7222649756304655,0.6965058274685395,0.7422692986524141,0.25371253933265525,-1.1535559902494807
500,all-MiniLM-L6-v2,prior,dpp,dpp,prior/dpp/dpp,0.2716739269884678,0.1004290995275918,0.27123755347037626,0.277836373485076,0.2640706056332174,0.28167748351555966,0.2058292227060773,0.2475879921399707,0.17918578318357556,-0.23844738362355922
500,all-MiniLM-L6-v2,prior,mmr,topk,prior/mmr/topk,0.2380660248287668,0.1093915679298763,0.23376465133794427,0.23841261291242588,0.24442312977937156,0.24258503044462645,0.2058292227060773,0.22235072379874213,0.5066381655282007,-9.549728248514375
500,all-MiniLM-L6-v2,prior,graphcut,topk,prior/graphcut/topk,0.2380660248287668,0.1093915679298763,0.23376465133794427,0.23841261291242588,0.24442312977937156,0.24258503044462645,0.2058292227060773,0.22235072379874213,0.5066381655282007,-9.549728248514375
500,all-MiniLM-L6-v2,prior,fl,topk,prior/fl/topk,0.2380660248287668,0.1093915679298763,0.23376465133794427,0.23841261291242588,0.24442312977937156,0.24258503044462645,0.2058292227060773,0.22235072379874213,0.5066381655282007,-9.549728248514375
500,google/embeddinggemma-300m,prior,mmr,greedy,prior/mmr/greedy,0.5679467272225184,0.04559765408202162,0.5677278193959706,0.5695913615845981,0.5530361933246015,0.5492425521435457,0.5544646199014558,0.546247438659664,0.13861289000707538,-0.08972599494827785
500,google/embeddinggemma-300m,prior,graphcut,greedy,prior/graphcut/greedy,0.5675893704763986,0.04545898154764524,0.5691758825295299,0.5667362508977821,0.5520945115103144,0.549796907953775,0.5962892076068351,0.5474228694428981,0.13526689534170008,-0.09110957235145098
500,google/embeddinggemma-300m,prior,fl,greedy,prior/fl/greedy,0.7606406371384419,0.033748114683647766,0.7649598370266724,0.7561725404966103,0.7462073006192992,0.7312467966991109,0.6878030222735612,0.7548161890390616,0.40096328815199295,-0.5946696007378259
500,google/embeddinggemma-300m,prior,mmr,cost_norm,prior/mmr/cost_norm,0.5925177336115738,0.04273174190893769,0.5879765495947006,0.5921733762406836,0.5778322817885897,0.620554113071405,0.5032999442405736,0.5632848618337453,0.1637346987384108,-0.09190654842499292
500,google/embeddinggemma-300m,prior,graphcut,cost_norm,prior/graphcut/cost_norm,0.5854964699008244,0.04273128935645493,0.5812465509103751,0.5835758509639224,0.5764904142003093,0.5943411981262187,0.5032999442405736,0.5597531224370818,0.15955718069003438,-0.09126243141110775
500,google/embeddinggemma-300m,prior,fl,cost_norm,prior/fl/cost_norm,0.7805750942538209,0.03363147740832196,0.7837811189644671,0.7786732845247113,0.7689126538262406,0.7517505908372505,0.7420828526706922,0.7711390360289789,0.35695127636756535,-1.4378030235474963
500,google/embeddinggemma-300m,prior,dpp,dpp,prior/dpp/dpp,0.5284479727139327,0.05628885639796279,0.5256463697173791,0.5289344707954606,0.515259036033011,0.5333754635105372,0.5056219224150335,0.49201663556069425,0.2813008433067293,-0.3112971228448551
500,google/embeddinggemma-300m,prior,mmr,topk,prior/mmr/topk,0.4970168430292909,0.059517084120087466,0.49098049813778166,0.5037906799962647,0.4888393856080656,0.5019146535179814,0.5718288938282149,0.4606637984180309,0.5211904041187944,-6.140853414116515
500,google/embeddinggemma-300m,prior,graphcut,topk,prior/graphcut/topk,0.4970168430292909,0.059517084120087466,0.49098049813778166,0.5037906799962647,0.4888393856080656,0.5019146535179814,0.5718288938282149,0.4606637984180309,0.5211904041187944,-6.140853414116515
500,google/embeddinggemma-300m,prior,fl,topk,prior/fl/topk,0.4970168430292909,0.059517084120087466,0.49098049813778166,0.5037906799962647,0.4888393856080656,0.5019146535179814,0.5718288938282149,0.4606637984180309,0.5211904041187944,-6.140853414116515
500,Qwen/Qwen3-Embedding-0.6B,prior,mmr,greedy,prior/mmr/greedy,0.8025246664104576,0.018169908547106216,0.7993928339845704,0.804179920279674,0.7967664287819193,0.7870619286306867,0.8299019452118178,0.7928163047548167,0.49101839664409747,-0.8572086703102544
500,Qwen/Qwen3-Embedding-0.6B,prior,graphcut,greedy,prior/graphcut/greedy,0.7989852955518779,0.018269328172055056,0.7966460932995085,0.8008540961415773,0.7929479181146014,0.7848498910319939,0.8299019452118178,0.79079165868293,0.48600625766898103,-0.7908990568709824
500,Qwen/Qwen3-Embedding-0.6B,prior,fl,greedy,prior/fl/greedy,0.9259657335847588,0.010956682317521213,0.9270824036965412,0.9230107674846981,0.9234238377454115,0.9169574840538891,0.8579234696764956,0.9143581985018527,0.7440385601992877,-2.1356953261595852
500,Qwen/Qwen3-Embedding-0.6B,prior,mmr,cost_norm,prior/mmr/cost_norm,0.8209754793129549,0.017085566339170875,0.8212309047479812,0.8189793997094305,0.8164196709995825,0.7939620939952611,0.8072807519326695,0.8110680875409547,0.5515395192042837,-0.6878416034270007
500,Qwen/Qwen3-Embedding-0.6B,prior,graphcut,cost_norm,prior/graphcut/cost_norm,0.820595173935028,0.017084998324654013,0.820917232597866,0.8179022319190127,0.8184292238363767,0.7911424156975239,0.8072807519326695,0.8113726773637308,0.5510972637050556,-0.6916212163303258
500,Qwen/Qwen3-Embedding-0.6B,prior,fl,cost_norm,prior/fl/cost_norm,0.9315532595940773,0.011209166549444902,0.9299637302640402,0.9312264176321018,0.9314576080101954,0.9232959247733711,0.8753892180336994,0.9241262202713341,0.7085612778956035,-5.090897171002514
500,Qwen/Qwen3-Embedding-0.6B,prior,dpp,dpp,prior/dpp/dpp,0.7626280590955075,0.023731534356110782,0.7624526122222068,0.7607082527232156,0.7672804971447499,0.7525368808422523,0.7468937068087288,0.7426097439674529,0.5926963885156613,-1.259669858892009
500,Qwen/Qwen3-Embedding-0.6B,prior,mmr,topk,prior/mmr/topk,0.7486649594048285,0.025407874319737532,0.7472041918078959,0.746910594849807,0.7530500777342719,0.7495801939974578,0.7950945746963063,0.7287590635344542,0.7484799842789488,-7.727014426282555
500,Qwen/Qwen3-Embedding-0.6B,prior,graphcut,topk,prior/graphcut/topk,0.7486649594048285,0.025407874319737532,0.7472041918078959,0.746910594849807,0.7530500777342719,0.7495801939974578,0.7950945746963063,0.7287590635344542,0.7484799842789488,-7.727014426282555
500,Qwen/Qwen3-Embedding-0.6B,prior,fl,topk,prior/fl/topk,0.7486649594048285,0.025407874319737532,0.7472041918078959,0.746910594849807,0.7530500777342719,0.7495801939974578,0.7950945746963063,0.7287590635344542,0.7484799842789488,-7.727014426282555
500,all-mpnet-base-v2,prior,mmr,greedy,prior/mmr/greedy,0.4491410100493831,0.0770265548226406,0.4412386379374224,0.45398854037662495,0.44771751261631965,0.41792481493081457,0.16666176389946122,0.4397208591679066,0.006147947407987645,-0.02399371292437669
500,all-mpnet-base-v2,prior,graphcut,greedy,prior/graphcut/greedy,0.4408295899228696,0.07628868996464419,0.4315917447745593,0.44651296415479125,0.43825875222874033,0.42822166010847673,0.16666176389946122,0.4255534069875599,0.0011182408818984975,-0.027059252670183914
500,all-mpnet-base-v2,prior,fl,greedy,prior/fl/greedy,0.7252399520145345,0.05071746877763631,0.7285051145294683,0.7232989846958615,0.7172972593434221,0.6772776033315389,0.5389512074748843,0.7374582675958123,0.3493439405980819,-0.5445308815819686
500,all-mpnet-base-v2,prior,mmr,cost_norm,prior/mmr/cost_norm,0.49106954257925933,0.07100037849104067,0.48473326776860126,0.49443187916084763,0.49877253177999115,0.47120926578750016,0.37726533404342133,0.48542709638467835,0.03784928941937358,-0.045808237125352466
500,all-mpnet-base-v2,prior,graphcut,cost_norm,prior/graphcut/cost_norm,0.5019126154346425,0.06868381190271873,0.49548502970767244,0.5091885313115292,0.500583774901848,0.4802191371904059,0.37726533404342133,0.4933198439249997,0.02883102582138304,-0.05165491386575906
500,all-mpnet-base-v2,prior,fl,cost_norm,prior/fl/cost_norm,0.756958521714759,0.051883237559418635,0.7686014774420273,0.748137706970063,0.7454600317135205,0.7349139239251976,0.5462371377877413,0.7627878932566432,0.2858258715988892,-1.3431794865513749
500,all-mpnet-base-v2,prior,dpp,dpp,prior/dpp/dpp,0.31881699802417096,0.09680510291232253,0.310630984495553,0.3238832140021435,0.31895628576883794,0.3425679363165489,0.2983326641404636,0.29708301091731254,0.1756528124986392,-0.22249596862808038
500,all-mpnet-base-v2,prior,mmr,topk,prior/mmr/topk,0.26068389073309467,0.10826157855818856,0.2521316566124693,0.2654180511667302,0.2578978475279375,0.2872582529857897,0.2983326641404636,0.24534545036063107,0.5331793964735039,-8.487810569162011
500,all-mpnet-base-v2,prior,graphcut,topk,prior/graphcut/topk,0.2606838909531347,0.10826157855818856,0.25213165692302886,0.2654180513035719,0.2578978478670081,0.2872582529857897,0.2983326641404636,0.24534545074438488,0.5331793964735039,-8.486308424150542
500,all-mpnet-base-v2,prior,fl,topk,prior/fl/topk,0.26068389073309467,0.10826157855818856,0.2521316566124693,0.2654180511667302,0.2578978475279375,0.2872582529857897,0.2983326641404636,0.24534545036063107,0.5331793964735039,-8.487810569162011
750,BAAI/bge-m3,prior,mmr,greedy,prior/mmr/greedy,0.735212384544721,0.024216025197913625,0.7345637297735228,0.7339588188906145,0.7268834951820656,0.7244965382745139,0.6910583886339143,0.7205540950097391,0.3405906042119242,-0.7151191512931068
750,BAAI/bge-m3,prior,graphcut,greedy,prior/graphcut/greedy,0.7269593858336267,0.024173678742405377,0.7241955611094519,0.7276118430394403,0.7195737560101235,0.710205685515426,0.6890273449902115,0.7153063792941384,0.3308629927067262,-0.677099134773016
750,BAAI/bge-m3,prior,fl,greedy,prior/fl/greedy,0.8532818476105842,0.019843164036261303,0.8558821385538746,0.8519512417373066,0.8413517770476502,0.8357428768796493,0.8046166471054438,0.8378190763988829,0.5154048226914316,-1.63884566274454
750,BAAI/bge-m3,prior,mmr,cost_norm,prior/mmr/cost_norm,0.7284064789681707,0.024363560760218016,0.7234248523789499,0.7282665507360485,0.7290988623043031,0.724928055363201,0.6439470917980002,0.7043306132542729,0.36320585181128306,-0.40569007811400126
750,BAAI/bge-m3,prior,graphcut,cost_norm,prior/graphcut/cost_norm,0.72732345585987,0.02419862000025668,0.7243839359319014,0.7258367530657526,0.7249172064795506,0.7209964351628471,0.6439470917980002,0.704539607167329,0.3596933550851525,-0.3972977913634957
750,BAAI/bge-m3,prior,fl,cost_norm,prior/fl/cost_norm,0.8677045557279985,0.01939392892011213,0.8683468420532129,0.8671375915003567,0.8576037592967742,0.8458883305363194,0.7712379072338639,0.856722179408146,0.486832210477793,-4.1107105241631565
750,BAAI/bge-m3,prior,dpp,dpp,prior/dpp/dpp,0.6906424900866691,0.03302072786357043,0.6826730243163538,0.6994033199409911,0.6759376267693353,0.6646876294101358,0.6859475158040955,0.6572099062680029,0.44740639739441423,-1.3651842594427883
750,BAAI/bge-m3,prior,mmr,topk,prior/mmr/topk,0.6668347172870809,0.03591730871747406,0.6628360290030688,0.6691779118185095,0.6597701627745035,0.6584276255372183,0.6847651649387114,0.6360212738922505,0.6505827182587588,-12.83368835893442
750,BAAI/bge-m3,prior,graphcut,topk,prior/graphcut/topk,0.6668347172870809,0.035917308735046186,0.6628360290030688,0.6691779118185095,0.6597701627745035,0.6584276255372183,0.6847651649387114,0.6360212738922505,0.6505827182587588,-12.83368835893442
750,BAAI/bge-m3,prior,fl,topk,prior/fl/topk,0.6668347172870809,0.03591730871747406,0.6628360290030688,0.6691779118185095,0.6597701627745035,0.6584276255372183,0.6847651649387114,0.6360212738922505,0.6505827182587588,-12.83368835893442
750,NovaSearch/stella_en_1.5B_v5,prior,mmr,greedy,prior/mmr/greedy,0.6496248345705297,0.05794884034274322,0.6578613033010187,0.6441715303183425,0.6412956983248119,0.6194136015794035,0.5700757778719967,0.6258942390477181,0.15559318468396394,-0.23496534899980892
750,NovaSearch/stella_en_1.5B_v5,prior,graphcut,greedy,prior/graphcut/greedy,0.6387440939337747,0.05697584300706128,0.6487698689567066,0.6339527517147263,0.6279821221382299,0.6046469678610051,0.570075823668639,0.6155602928940791,0.14065725814972846,-0.2189496778589256
750,NovaSearch/stella_en_1.5B_v5,prior,fl,greedy,prior/fl/greedy,0.8276510297720943,0.04096439837495673,0.8298377931979554,0.8268943086282561,0.818061188736975,0.8090902221865773,0.7418919563785151,0.8178729615729348,0.3835924459305012,-1.3180766851764243
750,NovaSearch/stella_en_1.5B_v5,prior,mmr,cost_norm,prior/mmr/cost_norm,0.6381003183477871,0.05685427572297038,0.6368281707568685,0.6394445589328859,0.6370362030759729,0.661600544161253,0.5847049198691572,0.6183854217976883,0.15866438299417496,-0.16092980233952403
750,NovaSearch/stella_en_1.5B_v5,prior,graphcut,cost_norm,prior/graphcut/cost_norm,0.6441916684919424,0.05542243813287537,0.6453092370941063,0.647460627422016,0.6337910888424008,0.6399070376641949,0.5818496824140252,0.6303841458385981,0.15404109161276863,-0.17432042633025152
750,NovaSearch/stella_en_1.5B_v5,prior,fl,cost_norm,prior/fl/cost_norm,0.8478072955858756,0.039293317049566026,0.8496519563736505,0.8464052933197068,0.845257735275939,0.830376631027036,0.744078425467476,0.8342107830790368,0.3669013253782155,-3.409343775150911
750,NovaSearch/stella_en_1.5B_v5,prior,dpp,dpp,prior/dpp/dpp,0.518481801859063,0.07932639132552552,0.5235905538428158,0.5145246547297823,0.5115279210128764,0.4684696200772806,0.485097497845497,0.48030796026789563,0.2787308608937376,-0.7455252427607775
750,NovaSearch/stella_en_1.5B_v5,prior,mmr,topk,prior/mmr/topk,0.4432587756323643,0.08561474246517667,0.4411161590933266,0.44378403756185697,0.4396627395707077,0.3772434863573401,0.4902193943100969,0.409382622319142,0.48334494682977786,-11.875260560509732
750,NovaSearch/stella_en_1.5B_v5,prior,graphcut,topk,prior/graphcut/topk,0.4432587756323643,0.08561474246517667,0.4411161590933266,0.44378403756185697,0.4396627395707077,0.3772434863573401,0.4902193943100969,0.409382622319142,0.48334494682977786,-11.875260560509732
750,NovaSearch/stella_en_1.5B_v5,prior,fl,topk,prior/fl/topk,0.4432587756323643,0.08561474246517667,0.4411161590933266,0.44378403756185697,0.4396627395707077,0.3772434863573401,0.4902193943100969,0.409382622319142,0.48334494682977786,-11.875260560509732
750,all-MiniLM-L6-v2,prior,mmr,greedy,prior/mmr/greedy,0.498573235236169,0.0744223988983991,0.4933164969502325,0.49014985674916156,0.5010667395197217,0.5193315470984359,0.4453438966274194,0.4818547655525576,0.02432661613331117,-0.05445282804952135
750,all-MiniLM-L6-v2,prior,graphcut,greedy,prior/graphcut/greedy,0.4937388227171401,0.07337413100912324,0.49010850518716104,0.49755199673967754,0.47477769870263775,0.4834121486727874,0.2862998183301498,0.47652160294615264,0.013785031357124439,-0.07992349261360876
750,all-MiniLM-L6-v2,prior,fl,greedy,prior/fl/greedy,0.7264261890101834,0.056701231176771644,0.7357755906853102,0.7248220890261655,0.7051961631221294,0.7093983088989069,0.5388904178515622,0.7404968514342988,0.29805281644089604,-0.8139738593251062
750,all-MiniLM-L6-v2,prior,mmr,cost_norm,prior/mmr/cost_norm,0.5196118827438493,0.07098388640245176,0.5270568448170297,0.5174387520184297,0.5027187741811541,0.4943738084020798,0.3530596482068964,0.5043029839246624,0.04044887475819845,-0.07639734806791651
750,all-MiniLM-L6-v2,prior,graphcut,cost_norm,prior/graphcut/cost_norm,0.5155296747716528,0.0691074721409746,0.5205292303355253,0.512270833760555,0.5094966694098173,0.48529840345000336,0.3530596482068964,0.500551506543879,0.026413680911918043,-0.08856197729056596
750,all-MiniLM-L6-v2,prior,fl,cost_norm,prior/fl/cost_norm,0.7655149995272371,0.05699509899746978,0.7713256145407326,0.764746152864815,0.750975446797931,0.7485478833090023,0.6280618386428531,0.7766894133568474,0.23585675372127093,-2.0132462275478074
750,all-MiniLM-L6-v2,prior,dpp,dpp,prior/dpp/dpp,0.34145536671958004,0.09651620621037371,0.3377422417404803,0.3495892273371051,0.33003923808282265,0.33987822557050695,0.3424540980966293,0.3137259404275728,0.16829215878190226,-0.41544193859686546
750,all-MiniLM-L6-v2,prior,mmr,topk,prior/mmr/topk,0.2714259126601513,0.10813826944608733,0.267466071975545,0.2749514399589762,0.2653012587136047,0.27302656316984303,0.25731342030121496,0.25590835635677517,0.4769484133125757,-14.324832942714599
750,all-MiniLM-L6-v2,prior,graphcut,topk,prior/graphcut/topk,0.27142591258369503,0.1081382694285152,0.2674660718645175,0.2749514399589762,0.2653012585249706,0.27302656316984303,0.25731342030121496,0.25590835635677517,0.4769484133125757,-14.324645698659193
750,all-MiniLM-L6-v2,prior,fl,topk,prior/fl/topk,0.2714259126601513,0.10813826944608733,0.267466071975545,0.2749514399589762,0.2653012587136047,0.27302656316984303,0.25731342030121496,0.25590835635677517,0.4769484133125757,-14.324832942714599
750,google/embeddinggemma-300m,prior,mmr,greedy,prior/mmr/greedy,0.6052908392776412,0.04238074857144142,0.6031970525928998,0.6098303696820642,0.5860673905167402,0.5763104849981218,0.5597679609100307,0.5853748113431834,0.15808847082673377,-0.21408976127507762
750,google/embeddinggemma-300m,prior,graphcut,greedy,prior/graphcut/greedy,0.5962081231068849,0.042490495092077356,0.5972214477712161,0.5983913735265245,0.5754931766587011,0.5778490755513283,0.5381640760806397,0.5734619907485844,0.1484083213650112,-0.2125536575891464
750,google/embeddinggemma-300m,prior,fl,greedy,prior/fl/greedy,0.7900076358394759,0.03439914930242834,0.7959816817499998,0.7862385306826681,0.7709186814500053,0.7761150456472093,0.6878030222735612,0.7822072342708366,0.3908726447174009,-1.0661325322569541
750,google/embeddinggemma-300m,prior,mmr,cost_norm,prior/mmr/cost_norm,0.6134988652621677,0.04140975889486243,0.6180041502468109,0.6118733346963644,0.5994605115753221,0.605558021676835,0.5417819872987297,0.5878414403717115,0.16869284388310504,-0.14384061106884816
750,google/embeddinggemma-300m,prior,graphcut,cost_norm,prior/graphcut/cost_norm,0.6078290390899982,0.04189666769168568,0.6130775849888791,0.6057220063140396,0.5928647517161981,0.6000981587182238,0.5345412494310132,0.5842697454632039,0.16315854983931444,-0.1386191482075824
750,google/embeddinggemma-300m,prior,fl,cost_norm,prior/fl/cost_norm,0.809782351305665,0.03416125325240054,0.8125105552682063,0.8111530557326984,0.7909978608442569,0.7796493128641436,0.7362830018745203,0.7986989517944033,0.3449007268503027,-2.5663981628867814
750,google/embeddinggemma-300m,prior,dpp,dpp,prior/dpp/dpp,0.557909545168408,0.05524998057176763,0.5549025052592338,0.5565885296866534,0.5547650368801553,0.5619368543267543,0.5510967300603727,0.5218024342193548,0.2814491815021578,-0.630942181719221
750,google/embeddinggemma-300m,prior,mmr,topk,prior/mmr/topk,0.5232945684038446,0.05899401904382515,0.5216084462244078,0.5242672731300557,0.5145286893045186,0.522207863032187,0.5718288938282149,0.4890653162689336,0.5181986718385849,-11.253647573924852
750,google/embeddinggemma-300m,prior,graphcut,topk,prior/graphcut/topk,0.5232945684038446,0.05899401904382515,0.5216084462244078,0.5242672731300557,0.5145286893045186,0.522207863032187,0.5718288938282149,0.4890653162689336,0.5181986718385849,-11.253647573924852
750,google/embeddinggemma-300m,prior,fl,topk,prior/fl/topk,0.5232945684038446,0.05899401904382515,0.5216084462244078,0.5242672731300557,0.5145286893045186,0.522207863032187,0.5718288938282149,0.4890653162689336,0.5181986718385849,-11.253647573924852
750,Qwen/Qwen3-Embedding-0.6B,prior,mmr,greedy,prior/mmr/greedy,0.8211690902921988,0.016466289165623066,0.8198010907775454,0.8245093023493424,0.815339365329264,0.7975165821136715,0.7983849708839911,0.8127669568928926,0.5054144829792796,-1.4935403390313096
750,Qwen/Qwen3-Embedding-0.6B,prior,graphcut,greedy,prior/graphcut/greedy,0.817839059240551,0.01646411966286459,0.8171883660528657,0.8192107242246214,0.8109369979588977,0.8043595134453986,0.7940007914623055,0.8120186664212067,0.4975940337720907,-1.5596357038560904
750,Qwen/Qwen3-Embedding-0.6B,prior,fl,greedy,prior/fl/greedy,0.9341217601393823,0.011712262330067186,0.934241485311795,0.9330529273959881,0.9323853048519193,0.9230822320657048,0.8662581582294864,0.9236492798296888,0.730501652326224,-3.604049891374021
750,Qwen/Qwen3-Embedding-0.6B,prior,mmr,cost_norm,prior/mmr/cost_norm,0.8345253911218538,0.01613928197514055,0.8380197112083784,0.8332038268442921,0.827415943007116,0.8088659778601923,0.8088247556169034,0.8234676665400058,0.5529756259243443,-0.941225713575786
750,Qwen/Qwen3-Embedding-0.6B,prior,graphcut,cost_norm,prior/graphcut/cost_norm,0.8338614874242302,0.016056306800752315,0.8366736452248075,0.8325298813787316,0.8297516147903697,0.8191410779210953,0.8088247556169034,0.8241852746962325,0.5520429964054305,-0.9436058402061462
750,Qwen/Qwen3-Embedding-0.6B,prior,fl,cost_norm,prior/fl/cost_norm,0.9408323231766016,0.011347721289087719,0.941282424432756,0.9405148737083042,0.9390949189214499,0.9334388008922302,0.8717138202460489,0.933358662891665,0.7028710105509128,-8.377559625877524
750,Qwen/Qwen3-Embedding-0.6B,prior,dpp,dpp,prior/dpp/dpp,0.7838354245027851,0.02266721551763421,0.7835783036055477,0.7838141006827466,0.7835976948977679,0.7796723117909955,0.7658580160383672,0.7664502514373158,0.5850658021726698,-2.243018075261476
750,Qwen/Qwen3-Embedding-0.6B,prior,mmr,topk,prior/mmr/topk,0.7598868193035795,0.02497585157793507,0.7586959780260913,0.757311805007731,0.763798865611709,0.7488200852449847,0.7102687640768401,0.7397033195932472,0.7520921483354749,-13.932595114100653
750,Qwen/Qwen3-Embedding-0.6B,prior,graphcut,topk,prior/graphcut/topk,0.7598868193035795,0.02497585157793507,0.7586959780260913,0.757311805007731,0.763798865611709,0.7488200852449847,0.7102687640768401,0.7397033195932472,0.7520921483354749,-13.932595114100653
750,Qwen/Qwen3-Embedding-0.6B,prior,fl,topk,prior/fl/topk,0.7598868193035795,0.02497585157793507,0.7586959780260913,0.757311805007731,0.763798865611709,0.7488200852449847,0.7102687640768401,0.7397033195932472,0.7520921483354749,-13.932595114100653
750,all-mpnet-base-v2,prior,mmr,greedy,prior/mmr/greedy,0.4934740252237576,0.07188637646020583,0.4831968558911495,0.4988883848658167,0.4996213766112676,0.4757487708464463,0.31084276012316864,0.4832560275436718,0.028308581160123344,-0.048483396299350306
750,all-mpnet-base-v2,prior,graphcut,greedy,prior/graphcut/greedy,0.4887836715942483,0.07127268867180594,0.48159859897999047,0.49448589069107257,0.49260459532640677,0.4702810322867898,0.31084276012316864,0.48594697655153096,0.019989203415807767,-0.06257889582555881
750,all-mpnet-base-v2,prior,fl,greedy,prior/fl/greedy,0.7582179105796288,0.053432489165438794,0.7672705879143142,0.7512557436022317,0.7452384077630198,0.7387330729379775,0.5389512074748843,0.7680580158890608,0.32044086440132474,-0.9431985363996817
750,all-mpnet-base-v2,prior,mmr,cost_norm,prior/mmr/cost_norm,0.5257311124039876,0.06888343014244763,0.5274179840225292,0.5305692525570186,0.5108191381084426,0.5401839025944387,0.3435687312196133,0.5054337364176108,0.04508741003141864,-0.07041917245105822
750,all-mpnet-base-v2,prior,graphcut,cost_norm,prior/graphcut/cost_norm,0.5199910714433607,0.06745708914789951,0.5128066222746818,0.5282308533586904,0.5089248441454263,0.5289039001873919,0.2751361621603033,0.5021136679483493,0.03286706066398249,-0.07719338086503998
750,all-mpnet-base-v2,prior,fl,cost_norm,prior/fl/cost_norm,0.7883857946369593,0.05261707173238667,0.7951041757019031,0.7824406274592829,0.7808235816879858,0.7753878714432397,0.6426046287699027,0.7958085099617059,0.2747728705125035,-2.359786281608186
750,all-mpnet-base-v2,prior,dpp,dpp,prior/dpp/dpp,0.3645622836188166,0.0935637484884487,0.3676536910540989,0.36770331875007,0.3610889719288015,0.37675151429724685,0.2983326641404636,0.33449181642251924,0.1761075734503497,-0.45894402656638295
750,all-mpnet-base-v2,prior,mmr,topk,prior/mmr/topk,0.3056958051294538,0.10614416525119318,0.30154240899503787,0.31451062558836107,0.2915641276727136,0.26804281629740717,0.1775247973135624,0.2817236665989323,0.49253318318218553,-14.119899262709296
750,all-mpnet-base-v2,prior,graphcut,topk,prior/graphcut/topk,0.30569580529090606,0.10614416525119318,0.3015424092491321,0.3145106256909923,0.29156412787615604,0.26804281629740717,0.1775247973135624,0.28172366680825256,0.49253318318218553,-14.054199001611263
750,all-mpnet-base-v2,prior,fl,topk,prior/fl/topk,0.30569580529090606,0.10614416525119318,0.3015424092491321,0.3145106256909923,0.29156412787615604,0.26804281629740717,0.1775247973135624,0.28172366680825256,0.49253318318218553,-14.054199001611263
1000,BAAI/bge-m3,prior,mmr,greedy,prior/mmr/greedy,0.7557949639047536,0.023019672287979496,0.7516317757761548,0.7553949883380632,0.7525961026730658,0.7282945847558586,0.6869050175302359,0.7420733804121041,0.35166057677201507,-1.1927740528898418
1000,BAAI/bge-m3,prior,graphcut,greedy,prior/graphcut/greedy,0.7458847571990281,0.023078753810621938,0.7420173707869077,0.7454205065664482,0.7420560093865226,0.7382533051888907,0.703962670448919,0.7323679640777339,0.33719034788181196,-1.1930181070599917
1000,BAAI/bge-m3,prior,fl,greedy,prior/fl/greedy,0.8650754145575693,0.019976772583212773,0.868483980864459,0.8632787514333389,0.8533710615819604,0.8588386117978148,0.8155673871934506,0.8507536977547687,0.5121122289378688,-2.45715483235863
1000,BAAI/bge-m3,prior,mmr,cost_norm,prior/mmr/cost_norm,0.7507733721193981,0.023393878594638325,0.7504872877111134,0.7492194495696594,0.7507896681736053,0.7299082551773322,0.7073699048232225,0.7275464898405617,0.3719002314193069,-0.6742166985037192
1000,BAAI/bge-m3,prior,graphcut,cost_norm,prior/graphcut/cost_norm,0.7463322289427384,0.0231423517425527,0.7460729234950924,0.7459671593399417,0.7410924409886752,0.7299908543244593,0.7028418276908649,0.7273711869647813,0.3691444806051704,-0.6761192988674596
1000,BAAI/bge-m3,prior,fl,cost_norm,prior/fl/cost_norm,0.8796820635265895,0.019228319004880933,0.881424258191653,0.8767732660499572,0.8721927956943614,0.8650026715108964,0.756345714016396,0.869949072835798,0.48118070189682943,-5.880694320741689
1000,BAAI/bge-m3,prior,dpp,dpp,prior/dpp/dpp,0.7041349285120221,0.03223940090908897,0.7006757197675105,0.7094796327952005,0.6882824390829693,0.690011924447447,0.6402183223038436,0.6729930825412529,0.44643315532297456,-1.9516716617739425
1000,BAAI/bge-m3,prior,mmr,topk,prior/mmr/topk,0.6856549905562499,0.03530159117302523,0.6828959141005019,0.6886052144863379,0.6759189169851366,0.6665160870004712,0.6252806998618747,0.65380089519477,0.6270392809836369,-17.545034698720247
1000,BAAI/bge-m3,prior,graphcut,topk,prior/graphcut/topk,0.6856549905562499,0.03530159117302523,0.6828959141005019,0.6886052144863379,0.6759189169851366,0.6665160870004712,0.6252806998618747,0.65380089519477,0.6270392809836369,-17.545034698720247
1000,BAAI/bge-m3,prior,fl,topk,prior/fl/topk,0.6856549905562499,0.03530159117302523,0.6828959141005019,0.6886052144863379,0.6759189169851366,0.6665160870004712,0.6252806998618747,0.65380089519477,0.6270392809836369,-17.545034698720247
1000,NovaSearch/stella_en_1.5B_v5,prior,mmr,greedy,prior/mmr/greedy,0.6706310090224531,0.05424845335513072,0.678374183565548,0.6714708648733968,0.6537998564663484,0.6326411594762846,0.5917862256706483,0.643039387249726,0.17421587145412867,-0.4579373231192805
1000,NovaSearch/stella_en_1.5B_v5,prior,graphcut,greedy,prior/graphcut/greedy,0.6682549944376291,0.05306739144835551,0.6783988819189792,0.6648156930724646,0.6485622487605652,0.6462960120937807,0.5700757778719967,0.6477823704351859,0.15793955761869,-0.45693715331408213
1000,NovaSearch/stella_en_1.5B_v5,prior,fl,greedy,prior/fl/greedy,0.8441192931614167,0.041319880968416635,0.8456396672497085,0.8446285234933275,0.8354260640833695,0.8318044019837058,0.7316419351059748,0.8364277847774391,0.3798240737392093,-1.9666396912257627
1000,NovaSearch/stella_en_1.5B_v5,prior,mmr,cost_norm,prior/mmr/cost_norm,0.6629568714421046,0.05465289818579858,0.6590676370028509,0.6630635892279819,0.6604618994728729,0.6684585381792572,0.5178200688396807,0.6419688453796919,0.17419889418162265,-0.27957355134399997
1000,NovaSearch/stella_en_1.5B_v5,prior,graphcut,cost_norm,prior/graphcut/cost_norm,0.6634561213200163,0.05341065516871101,0.6614225871324849,0.6642080007492795,0.6555575048792354,0.6874319120599265,0.576727740152783,0.6413214254395833,0.16431854018625222,-0.279279227140096
1000,NovaSearch/stella_en_1.5B_v5,prior,fl,cost_norm,prior/fl/cost_norm,0.8616028308967608,0.03886052254446835,0.860603221261466,0.8639308829262762,0.8557176850655777,0.8559625786367183,0.8281142105973247,0.8493736856740819,0.35931592877462226,-4.953893412958901
1000,NovaSearch/stella_en_1.5B_v5,prior,dpp,dpp,prior/dpp/dpp,0.558057660415107,0.07601566831493434,0.564746558376782,0.5507389724336905,0.5554284048186402,0.5164305537052585,0.5292858077762882,0.5242194300271593,0.2812976009862603,-1.2500223601764102
1000,NovaSearch/stella_en_1.5B_v5,prior,mmr,topk,prior/mmr/topk,0.4718478398668127,0.08286346795634841,0.4727905256387933,0.47441068649734797,0.4683084325017658,0.43554513792219013,0.49320867853697314,0.4416870677009249,0.4625494866719786,-15.585801952641528
1000,NovaSearch/stella_en_1.5B_v5,prior,graphcut,topk,prior/graphcut/topk,0.4718478398668127,0.08286346795634841,0.4727905256387933,0.47441068649734797,0.4683084325017658,0.43554513792219013,0.49320867853697314,0.4416870677009249,0.4625494866719786,-15.585801952641528
1000,NovaSearch/stella_en_1.5B_v5,prior,fl,topk,prior/fl/topk,0.4718478398668127,0.08286346795634841,0.4727905256387933,0.47441068649734797,0.4683084325017658,0.43554513792219013,0.49320867853697314,0.4416870677009249,0.4625494866719786,-15.585801952641528
1000,all-MiniLM-L6-v2,prior,mmr,greedy,prior/mmr/greedy,0.5310327121216558,0.07163460570264538,0.5306411355254467,0.5292055189474526,0.5262865749874518,0.5258486553743477,0.3740028063029295,0.5090826487914476,0.039262867444809876,-0.10843656953415429
1000,all-MiniLM-L6-v2,prior,graphcut,greedy,prior/graphcut/greedy,0.524463528455352,0.0699075136755435,0.5217959732780287,0.5336789067399604,0.5001922145183764,0.5137113342587571,0.44444404554070865,0.5091169102759403,0.025630882644519553,-0.13162102548950264
1000,all-MiniLM-L6-v2,prior,fl,greedy,prior/fl/greedy,0.7525635155547578,0.058814701729647395,0.7577884995952332,0.7530826259258494,0.7373607102552121,0.7430460085361686,0.6253395630180245,0.766714027170627,0.2778092666335826,-1.2945534928508524
1000,all-MiniLM-L6-v2,prior,mmr,cost_norm,prior/mmr/cost_norm,0.5443096864494117,0.06978793048633719,0.5400469534527141,0.5514211325681606,0.5336183174299036,0.549386947105661,0.3755483588272206,0.5331514237232752,0.04822571722945453,-0.10983949837292421
1000,all-MiniLM-L6-v2,prior,graphcut,cost_norm,prior/graphcut/cost_norm,0.5440014853123971,0.0679114630164684,0.5398577020982946,0.5451213099915667,0.5409260726990065,0.5539664789334802,0.44280230924665726,0.5312068240071631,0.034204875715384435,-0.1398196942700108
1000,all-MiniLM-L6-v2,prior,fl,cost_norm,prior/fl/cost_norm,0.7831070733400747,0.05706889016272606,0.7901053035831378,0.7820142303427161,0.7667843379197566,0.7963390272534974,0.6742364558346307,0.8038951740771331,0.2267277644209142,-2.901900253205929
1000,all-MiniLM-L6-v2,prior,dpp,dpp,prior/dpp/dpp,0.3742549159613023,0.09403188470399605,0.3670888928043786,0.37786607311249915,0.3801262825515093,0.3989565962449278,0.3267462182713988,0.339962204646816,0.16856307502976567,-0.7432886112903087
1000,all-MiniLM-L6-v2,prior,mmr,topk,prior/mmr/topk,0.2977826153914456,0.10704383739041833,0.2930741946160618,0.3020265975541464,0.2843380999282172,0.3181539969341183,0.3962955819724758,0.2781306908139481,0.4719974830535785,-19.885187549551702
1000,all-MiniLM-L6-v2,prior,graphcut,topk,prior/graphcut/topk,0.2977826153914456,0.10704383739041833,0.2930741946160618,0.3020265975541464,0.2843380999282172,0.3181539969341183,0.3962955819724758,0.2781306908139481,0.4719974830535785,-19.885187549551702
1000,all-MiniLM-L6-v2,prior,fl,topk,prior/fl/topk,0.2977826153914456,0.10704383739041833,0.2930741946160618,0.3020265975541464,0.2843380999282172,0.3181539969341183,0.3962955819724758,0.2781306908139481,0.4719974830535785,-19.885187549551702
1000,google/embeddinggemma-300m,prior,mmr,greedy,prior/mmr/greedy,0.6331948694706014,0.04048040609385045,0.6278169993597476,0.6347890947623496,0.6267191290917007,0.6177199983696392,0.606470909605726,0.6151053298401369,0.16977175061573396,-0.37390368059277534
1000,google/embeddinggemma-300m,prior,graphcut,greedy,prior/graphcut/greedy,0.6259420694993886,0.04067390833823186,0.6317740321454955,0.6228602526305996,0.6106036917796799,0.5968563558800856,0.5631556660844953,0.6064319338715267,0.15786488536956175,-0.3737132897389666
1000,google/embeddinggemma-300m,prior,fl,greedy,prior/fl/greedy,0.8073254298356249,0.03473213785064389,0.8105460540188952,0.8037406868229185,0.7926260829994333,0.7912482981933441,0.7031389638577535,0.7954759007514267,0.3832178101084142,-1.6482766626297303
1000,google/embeddinggemma-300m,prior,mmr,cost_norm,prior/mmr/cost_norm,0.6277350348566543,0.04138499177676046,0.6242450042412168,0.6317243561063778,0.6086475783713035,0.593296901345907,0.5960394422418873,0.5986778848294158,0.17845204718551547,-0.22542786313537158
1000,google/embeddinggemma-300m,prior,graphcut,cost_norm,prior/graphcut/cost_norm,0.6217861128628891,0.04119571505711889,0.6216923892836932,0.6201364601857654,0.6083757156795008,0.5850860989629195,0.5960394422418873,0.5975582528180878,0.17248417419504444,-0.227844862407952
1000,google/embeddinggemma-300m,prior,fl,cost_norm,prior/fl/cost_norm,0.8242762950971679,0.03390330863888112,0.828191389147567,0.8217535791998545,0.8089982308907335,0.8008554729594853,0.7848753195670529,0.8131414837856055,0.3361611279114237,-3.6905841878000296
1000,google/embeddinggemma-300m,prior,dpp,dpp,prior/dpp/dpp,0.5933461917774684,0.05382420041791673,0.5945600256137804,0.5891770006714162,0.5891093743057366,0.5739589954025548,0.5555255338747477,0.5529137396745034,0.2774347958137404,-1.0684291454699804
1000,google/embeddinggemma-300m,prior,mmr,topk,prior/mmr/topk,0.5458376632376809,0.05773815600517786,0.5436349344159896,0.5449013223476069,0.5423411467183324,0.537395102506996,0.5718288938282149,0.5095800037261962,0.49476870015825863,-15.071662131907805
1000,google/embeddinggemma-300m,prior,graphcut,topk,prior/graphcut/topk,0.5458376632376809,0.05773815600517786,0.5436349344159896,0.5449013223476069,0.5423411467183324,0.537395102506996,0.5718288938282149,0.5095800037261962,0.49476870015825863,-15.071662131907805
1000,google/embeddinggemma-300m,prior,fl,topk,prior/fl/topk,0.5458376632376809,0.05773815600517786,0.5436349344159896,0.5449013223476069,0.5423411467183324,0.537395102506996,0.5718288938282149,0.5095800037261962,0.49476870015825863,-15.071662131907805
1000,Qwen/Qwen3-Embedding-0.6B,prior,mmr,greedy,prior/mmr/greedy,0.8364944940745442,0.01538652885608586,0.835372242901119,0.8387952251541331,0.8329936046266024,0.8164872164055578,0.7796873576624891,0.8316649297698531,0.520583228963726,-2.4812233105020702
1000,Qwen/Qwen3-Embedding-0.6B,prior,graphcut,greedy,prior/graphcut/greedy,0.8277674554715252,0.015845861659332546,0.8274787819212045,0.8283949457265228,0.8206642255004116,0.8163179600753914,0.7480885441967461,0.8256355948387795,0.5051356327702414,-2.3897537636869357
1000,Qwen/Qwen3-Embedding-0.6B,prior,fl,greedy,prior/fl/greedy,0.9419113843908409,0.012037543814963187,0.9425093027854166,0.9410526934256452,0.9379812390774954,0.9342949821428289,0.8706635162455598,0.9316206021090454,0.7228921626536351,-5.326446903201769
1000,Qwen/Qwen3-Embedding-0.6B,prior,mmr,cost_norm,prior/mmr/cost_norm,0.8542771477258155,0.01532692186982494,0.8557013675891832,0.8493738704707245,0.8546702557225235,0.8277551577653524,0.8297837798755807,0.8442372850395657,0.5659180606873531,-1.5974620805596405
1000,Qwen/Qwen3-Embedding-0.6B,prior,graphcut,cost_norm,prior/graphcut/cost_norm,0.8538206711403691,0.01524843140022021,0.8546960222469239,0.8495626922708228,0.8541854209090204,0.8268131971583931,0.7618081358201492,0.8439048942062574,0.5637784431565482,-1.6196198030462805
1000,Qwen/Qwen3-Embedding-0.6B,prior,fl,cost_norm,prior/fl/cost_norm,0.9484316460687808,0.011437166405332117,0.948325910295848,0.9494370002055986,0.9438257857082737,0.9367385040506604,0.9191408980327119,0.9410009720784094,0.6967241013387464,-11.739187825400874
1000,Qwen/Qwen3-Embedding-0.6B,prior,dpp,dpp,prior/dpp/dpp,0.8025327554750386,0.02166700923709937,0.8018140315148024,0.8001763057663973,0.8028805648357145,0.7820392930707326,0.7818796226928219,0.7863259534486053,0.5869671031832695,-3.5222971776746355
1000,Qwen/Qwen3-Embedding-0.6B,prior,mmr,topk,prior/mmr/topk,0.7728338660468502,0.024484132750416703,0.7727507293883186,0.7727849364983774,0.772514939298334,0.739740950731608,0.7555316279515649,0.7537176853278548,0.7465924671236074,-20.0375075694525
1000,Qwen/Qwen3-Embedding-0.6B,prior,graphcut,topk,prior/graphcut/topk,0.7728338660468502,0.024484132750416703,0.7727507293883186,0.7727849364983774,0.772514939298334,0.739740950731608,0.7555316279515649,0.7537176853278548,0.7465924671236074,-20.0375075694525
1000,Qwen/Qwen3-Embedding-0.6B,prior,fl,topk,prior/fl/topk,0.7728338660468502,0.024484132750416703,0.7727507293883186,0.7727849364983774,0.772514939298334,0.739740950731608,0.7555316279515649,0.7537176853278548,0.7465924671236074,-20.0375075694525
1000,all-mpnet-base-v2,prior,mmr,greedy,prior/mmr/greedy,0.543396505862391,0.06882900952027654,0.5472582403945925,0.5393977687031675,0.5376991439125159,0.5292481911128089,0.4358659495149746,0.5293436688609198,0.04659013558948744,-0.11115959802431599
1000,all-mpnet-base-v2,prior,graphcut,greedy,prior/graphcut/greedy,0.5295856547296708,0.06736092673579477,0.5267923760227637,0.5354066361602358,0.5175674656198356,0.5172247309688944,0.31084276012316864,0.5283521548268887,0.03450038306193233,-0.1959374859678682
1000,all-mpnet-base-v2,prior,fl,greedy,prior/fl/greedy,0.7800126927880503,0.05467531695645654,0.78926357998635,0.774750890941529,0.7705662367760752,0.7506007717335946,0.6201014384858397,0.7865161721191267,0.3082496373439735,-1.379968911831109
1000,all-mpnet-base-v2,prior,mmr,cost_norm,prior/mmr/cost_norm,0.5513385648165973,0.06753882275507697,0.5513069097268707,0.5562433725813839,0.5393398664908596,0.5645540361830682,0.33487563701119877,0.5432438610055927,0.053287685410567685,-0.11174432086354157
1000,all-mpnet-base-v2,prior,graphcut,cost_norm,prior/graphcut/cost_norm,0.5410225053027223,0.06557358026434228,0.5364248567265065,0.5493152234135807,0.5279517803829525,0.5315240423142493,0.33487563701119877,0.5390227187337724,0.04085483132226762,-0.1468923504130458
1000,all-mpnet-base-v2,prior,fl,cost_norm,prior/fl/cost_norm,0.8168384388264892,0.052133416765773634,0.8217860057118422,0.8143250622902798,0.8081440762215506,0.7907875738851711,0.6784983683776628,0.8204599935261271,0.266849242923957,-3.563894368567557
1000,all-mpnet-base-v2,prior,dpp,dpp,prior/dpp/dpp,0.41413227213418763,0.09012728307466462,0.40635597980953697,0.4233999955251612,0.4051378478245953,0.3683574270630047,0.3451213051491603,0.3809891200010643,0.17314929733017706,-0.7677182791192295
1000,all-mpnet-base-v2,prior,mmr,topk,prior/mmr/topk,0.3332231109907455,0.10420863998104941,0.33152704418710777,0.33646642235332114,0.31484582982120746,0.3229728239882784,0.3130089932086218,0.3157217091818857,0.4538621959926666,-18.573316181183987
1000,all-mpnet-base-v2,prior,graphcut,topk,prior/graphcut/topk,0.3332231112107855,0.10420864005133791,0.3315270444976674,0.33646642249016284,0.314845830160278,0.3229728239882784,0.3130089932086218,0.3157217096005262,0.4538621959926666,-18.50654688716497
1000,all-mpnet-base-v2,prior,fl,topk,prior/fl/topk,0.3332231112107855,0.10420864005133791,0.3315270444976674,0.33646642249016284,0.314845830160278,0.3229728239882784,0.3130089932086218,0.3157217096005262,0.4538621959926666,-18.50654688716497
1250,BAAI/bge-m3,prior,mmr,greedy,prior/mmr/greedy,0.7687210523823327,0.022375921683631977,0.7656610161277618,0.768173781621685,0.7624140563976282,0.7454254812649938,0.702200458920241,0.7517231115616149,0.35685501556913807,-1.6431442815458999
1250,BAAI/bge-m3,prior,graphcut,greedy,prior/graphcut/greedy,0.7597680300824233,0.022781235653520474,0.7583718280638373,0.7599390151719261,0.7539805965349533,0.7424316412910994,0.6910942896315537,0.7462312350773123,0.3444528488336869,-1.650606337161559
1250,BAAI/bge-m3,prior,fl,greedy,prior/fl/greedy,0.8754830356990093,0.019945696027035702,0.8763903714167721,0.8744055674860044,0.8683488104313876,0.8667874630584096,0.8046166471054438,0.8614811863920611,0.5086989409799846,-3.4441346166268834
1250,BAAI/bge-m3,prior,mmr,cost_norm,prior/mmr/cost_norm,0.7732953560506188,0.02253446393681444,0.7690439005677894,0.7764041698740783,0.7623165205203553,0.7416205468659341,0.6445156376918959,0.7519992828035087,0.3884822984911361,-1.0548505656561762
1250,BAAI/bge-m3,prior,graphcut,cost_norm,prior/graphcut/cost_norm,0.7708322755225886,0.02259822507863337,0.7692327461919656,0.7724054421693679,0.7585227855149025,0.7520641357278078,0.6488143142552142,0.7508270650987671,0.38459906024190615,-1.042375365518174
1250,BAAI/bge-m3,prior,fl,cost_norm,prior/fl/cost_norm,0.8862268999309544,0.019301693346175663,0.8890828530585337,0.8855700535159975,0.8765697746183566,0.8612903609173927,0.7572818623055518,0.8787759217402219,0.47764325184079837,-7.634027285395928
1250,BAAI/bge-m3,prior,dpp,dpp,prior/dpp/dpp,0.7239185615353826,0.03133441821478729,0.7191351420636131,0.728509305112294,0.7138944775380459,0.7127674720455194,0.6528080024855061,0.6935873879697156,0.44345228711389145,-2.806395616171495
1250,BAAI/bge-m3,prior,mmr,topk,prior/mmr/topk,0.6908295895218093,0.034893577725116934,0.6892147919204318,0.6919711921917928,0.6891275988576956,0.6874418222949666,0.6520304736515602,0.6578878915046121,0.6197263419909297,-21.483327054752493
1250,BAAI/bge-m3,prior,graphcut,topk,prior/graphcut/topk,0.6908295895218093,0.034893577725116934,0.6892147919204318,0.6919711921917928,0.6891275988576956,0.6874418222949666,0.6520304736515602,0.6578878915046121,0.6197263419909297,-21.483327054752493
1250,BAAI/bge-m3,prior,fl,topk,prior/fl/topk,0.6908295895218093,0.03489357774268906,0.6892147919204318,0.6919711921917928,0.6891275988576956,0.6874418222949666,0.6520304736515602,0.6578878915046121,0.6197263419909297,-21.483327054752493
1250,NovaSearch/stella_en_1.5B_v5,prior,mmr,greedy,prior/mmr/greedy,0.6875289979411849,0.05190582713112235,0.6990518900540591,0.6830364749488445,0.6705164614793603,0.6672014853482564,0.5868552554074157,0.6614844026464088,0.1862457434312915,-0.6860004973439675
1250,NovaSearch/stella_en_1.5B_v5,prior,graphcut,greedy,prior/graphcut/greedy,0.6858974773053281,0.051216767266181844,0.6913376256098103,0.6851589971934303,0.6687751778158536,0.6697214496083197,0.5700757778719967,0.6638353241930234,0.16615198478805568,-0.953486728429232
1250,NovaSearch/stella_en_1.5B_v5,prior,fl,greedy,prior/fl/greedy,0.8563314924045988,0.04091314220238688,0.8574934357298638,0.8567956542858712,0.8464887208133988,0.8366968161721691,0.7345002867327769,0.8460540137916329,0.37769123208972644,-2.71920433781057
1250,NovaSearch/stella_en_1.5B_v5,prior,mmr,cost_norm,prior/mmr/cost_norm,0.6816408925251832,0.052983046720190996,0.6731974363735371,0.6891707663707158,0.6795818175248843,0.6737913046981429,0.5186874572431099,0.660722335572051,0.1865703984392139,-0.42544136607562594
1250,NovaSearch/stella_en_1.5B_v5,prior,graphcut,cost_norm,prior/graphcut/cost_norm,0.6786321143722959,0.05199412542026279,0.6747051977882895,0.6831003907641893,0.6764766775578885,0.6806955206573733,0.5919771976686579,0.6578077145747483,0.1763218458531038,-0.49071632167500145
1250,NovaSearch/stella_en_1.5B_v5,prior,fl,cost_norm,prior/fl/cost_norm,0.8715393162631172,0.03831235237665615,0.8734044977009147,0.8723315252154525,0.8636458489356674,0.8656013316283295,0.8508582886106224,0.8594237592056493,0.354994683052009,-6.353540656701574
1250,NovaSearch/stella_en_1.5B_v5,prior,dpp,dpp,prior/dpp/dpp,0.5812734126994469,0.07332734638860203,0.5863876198323912,0.5727008217636219,0.5885489587178894,0.5417122295465994,0.5162942163145775,0.5480176450676733,0.28410190210308667,-1.8185172334032238
1250,NovaSearch/stella_en_1.5B_v5,prior,mmr,topk,prior/mmr/topk,0.49590494085738873,0.08082987318026288,0.49462717539320705,0.4944497303306066,0.49409197055479637,0.4553378531241057,0.6126089513567301,0.46571393381745946,0.459877342055991,-19.39228163912611
1250,NovaSearch/stella_en_1.5B_v5,prior,graphcut,topk,prior/graphcut/topk,0.49590494085738873,0.08082987318904895,0.49462717539320705,0.4944497303306066,0.49409197055479637,0.4553378531241057,0.6126089513567301,0.46571393381745946,0.459877342055991,-19.39228163912611
1250,NovaSearch/stella_en_1.5B_v5,prior,fl,topk,prior/fl/topk,0.49590494085738873,0.08082987318026288,0.49462717539320705,0.4944497303306066,0.49409197055479637,0.4553378531241057,0.6126089513567301,0.46571393381745946,0.459877342055991,-19.39228163912611
1250,all-MiniLM-L6-v2,prior,mmr,greedy,prior/mmr/greedy,0.5566116572551854,0.06983118964675462,0.5479116855667735,0.5608297145278022,0.5523830103197007,0.5497608561990368,0.30040311292760763,0.5335941857701428,0.04701991085971284,-0.1568559235058514
1250,all-MiniLM-L6-v2,prior,graphcut,greedy,prior/graphcut/greedy,0.5498100074102158,0.06818607212307881,0.5477213575670014,0.5556182028896346,0.5365069568540569,0.5448023539980574,0.44444395465124986,0.5353554544698861,0.03448647667186001,-0.22003911436922005
1250,all-MiniLM-L6-v2,prior,fl,greedy,prior/fl/greedy,0.7724427880640773,0.05955500833092714,0.7784665590024706,0.7744545094636617,0.7596788326173773,0.7608980842869448,0.6253395630180245,0.7831258833018868,0.2657907010179083,-1.6880314553964813
1250,all-MiniLM-L6-v2,prior,mmr,cost_norm,prior/mmr/cost_norm,0.5654557916585284,0.06871122037464718,0.5624239220201678,0.5609245504986026,0.5721407040317338,0.5639575150779371,0.41751645280982946,0.5520173124986231,0.057365721960212675,-0.1668743252016182
1250,all-MiniLM-L6-v2,prior,graphcut,cost_norm,prior/graphcut/cost_norm,0.5554020430931348,0.06688016923671623,0.5569295809844345,0.5586085925929737,0.5492501880248969,0.5320218325368807,0.5014382347958296,0.5459985225923113,0.041415164718856895,-0.22541016877962733
1250,all-MiniLM-L6-v2,prior,fl,cost_norm,prior/fl/cost_norm,0.8078841479571541,0.05655942216761551,0.8094019385798524,0.8107630721250276,0.798864983246764,0.7960612001838048,0.6906985818335967,0.8134206863927143,0.2235189380370221,-4.023622902496806
1250,all-MiniLM-L6-v2,prior,dpp,dpp,prior/dpp/dpp,0.4042910959192656,0.09167075176494864,0.3952569529575773,0.4152570110349852,0.39587844072667205,0.4154060338651912,0.3914097282259759,0.37621268923975126,0.16289621124149495,-1.0205878565474502
1250,all-MiniLM-L6-v2,prior,mmr,topk,prior/mmr/topk,0.3159851034600422,0.10508038586813886,0.3118993503605081,0.31956441471037705,0.3186649775059354,0.35820615458154853,0.38070404065449137,0.28788247792812016,0.42407639131371705,-23.785422683183878
1250,all-MiniLM-L6-v2,prior,graphcut,topk,prior/graphcut/topk,0.3160481058883313,0.10507247628608965,0.3119138901970395,0.31973888204037193,0.31866497769456953,0.35820615458154853,0.38070404065449137,0.287882478066391,0.42280705417242814,-23.655090096283633
1250,all-MiniLM-L6-v2,prior,fl,topk,prior/fl/topk,0.3159851034600422,0.10508038586813886,0.3118993503605081,0.31956441471037705,0.3186649775059354,0.35820615458154853,0.38070404065449137,0.28788247792812016,0.42407639131371705,-23.785422683183878
1250,google/embeddinggemma-300m,prior,mmr,greedy,prior/mmr/greedy,0.6549444740521758,0.03964806759273106,0.6510229647422934,0.6544017631841058,0.6460512356593118,0.6320861057150342,0.6260810237205413,0.6394403805619192,0.17816162713856068,-0.6189123214275207
1250,google/embeddinggemma-300m,prior,graphcut,greedy,prior/graphcut/greedy,0.6437622608114236,0.03982224764372661,0.6445134620681057,0.6418336547956316,0.6332142162570195,0.6181104941897733,0.606470909605726,0.6259178608773031,0.1646925916297818,-0.6335684229742806
1250,google/embeddinggemma-300m,prior,fl,greedy,prior/fl/greedy,0.8217851450720585,0.03494944041682724,0.8244403113204741,0.8206145522842584,0.8054515852418772,0.80361446756283,0.7549302546347143,0.8087253746411746,0.37614994299299315,-2.1846376561893606
1250,google/embeddinggemma-300m,prior,mmr,cost_norm,prior/mmr/cost_norm,0.6453928778308187,0.040201935969855426,0.648758230845071,0.6471671991911961,0.627835594910979,0.6154657747669704,0.5865804110836836,0.6232680141782291,0.1870649597203394,-0.34289711956286206
1250,google/embeddinggemma-300m,prior,graphcut,cost_norm,prior/graphcut/cost_norm,0.6426342262624075,0.039867886113670634,0.6457284271935938,0.640213100482622,0.6338593215477073,0.6090553270143664,0.5865804110836836,0.6230897982469439,0.17829744110129914,-0.3411509836760332
1250,google/embeddinggemma-300m,prior,fl,cost_norm,prior/fl/cost_norm,0.8405834523527304,0.03396899748224554,0.841758653598472,0.8400028807525031,0.8292223412003651,0.8154266843034317,0.8067291233686271,0.8272204837145091,0.3268474733351536,-4.876286747320643
1250,google/embeddinggemma-300m,prior,dpp,dpp,prior/dpp/dpp,0.6138614840098566,0.052827081713333446,0.6108835548498714,0.6114946872397661,0.6127878872259055,0.616833467389863,0.5346133936292935,0.5733307372430584,0.27764388616636115,-1.5478968375696327
1250,google/embeddinggemma-300m,prior,mmr,topk,prior/mmr/topk,0.5715079223484135,0.057069848713306885,0.578255182312516,0.56612270978256,0.5546670010531731,0.5651700062372661,0.5718288938282149,0.537198288976666,0.4776428296880902,-19.205064539077146
1250,google/embeddinggemma-300m,prior,graphcut,topk,prior/graphcut/topk,0.5715079223484135,0.057069848713306885,0.578255182312516,0.56612270978256,0.5546670010531731,0.5651700062372661,0.5718288938282149,0.537198288976666,0.4776428296880902,-19.205064539077146
1250,google/embeddinggemma-300m,prior,fl,topk,prior/fl/topk,0.5715079223484135,0.057069848713306885,0.578255182312516,0.56612270978256,0.5546670010531731,0.5651700062372661,0.5718288938282149,0.537198288976666,0.4776428296880902,-19.205064539077146
1250,Qwen/Qwen3-Embedding-0.6B,prior,mmr,greedy,prior/mmr/greedy,0.847782681307053,0.014624917960971734,0.8462111578721603,0.8496318336547586,0.8479201827947973,0.8263949733964988,0.8230241616204458,0.842924292076544,0.531896969338633,-3.546148218636243
1250,Qwen/Qwen3-Embedding-0.6B,prior,graphcut,greedy,prior/graphcut/greedy,0.837627804865269,0.015268061567045186,0.8366484856674883,0.839283411277407,0.8316925647045323,0.8167337848684318,0.7480885441967461,0.83761833341197,0.5140049749950193,-3.6442828060321086
1250,Qwen/Qwen3-Embedding-0.6B,prior,fl,greedy,prior/fl/greedy,0.9458016964423269,0.011885943099909093,0.9460478731149722,0.9442157568226994,0.9443714478376061,0.9382469841806953,0.8916066214945482,0.9368289283077698,0.7206971215189628,-6.922691876033567
1250,Qwen/Qwen3-Embedding-0.6B,prior,mmr,cost_norm,prior/mmr/cost_norm,0.8671342248108905,0.014621269443283244,0.8670539421527371,0.8664317113528031,0.863757215957137,0.8592588538734358,0.7822975142291051,0.8594360902036914,0.5855664508241527,-2.367971478205807
1250,Qwen/Qwen3-Embedding-0.6B,prior,graphcut,cost_norm,prior/graphcut/cost_norm,0.8687094441720334,0.0145207759221348,0.8682959288663155,0.869992853393755,0.8658516112119304,0.8618470910307358,0.7822975142291051,0.8633900620242481,0.5850112838846333,-2.4151365262157514
1250,Qwen/Qwen3-Embedding-0.6B,prior,fl,cost_norm,prior/fl/cost_norm,0.9511118154711852,0.011412444333370143,0.9519060024642985,0.9493968396318975,0.9506858253610744,0.9417600457689854,0.8762048744288179,0.9469011267969746,0.6917251165745393,-15.357947826385498
1250,Qwen/Qwen3-Embedding-0.6B,prior,dpp,dpp,prior/dpp/dpp,0.8141327257029674,0.02093719401976691,0.8134079692606478,0.8131944537457281,0.819626069699187,0.7953319204867901,0.7962896224677116,0.7985763618929534,0.5917685789600858,-5.092969948390745
1250,Qwen/Qwen3-Embedding-0.6B,prior,mmr,topk,prior/mmr/topk,0.785843671621643,0.023814941172154165,0.7851993156766734,0.7823686270813862,0.7898416225360404,0.7743654894424371,0.8130246391907364,0.7693473219897216,0.7387015007014545,-24.422612069912677
1250,Qwen/Qwen3-Embedding-0.6B,prior,graphcut,topk,prior/graphcut/topk,0.785843671621643,0.023814941172154165,0.7851993156766734,0.7823686270813862,0.7898416225360404,0.7743654894424371,0.8130246391907364,0.7693473219897216,0.7387015007014545,-24.422612069912677
1250,Qwen/Qwen3-Embedding-0.6B,prior,fl,topk,prior/fl/topk,0.785843671621643,0.023814941172154165,0.7851993156766734,0.7823686270813862,0.7898416225360404,0.7743654894424371,0.8130246391907364,0.7693473219897216,0.7387015007014545,-24.422612069912677
1250,all-mpnet-base-v2,prior,mmr,greedy,prior/mmr/greedy,0.5643860876139651,0.06681675460400446,0.569335568203089,0.5599303853300865,0.5564845816818733,0.5478686081193129,0.5747797007778438,0.5475477275799292,0.05587960413068463,-0.18475043921256964
1250,all-mpnet-base-v2,prior,graphcut,greedy,prior/graphcut/greedy,0.554164047144864,0.06539090207936067,0.5481970996100264,0.5605676318419982,0.5473613041321325,0.5256883292694738,0.3108427833590322,0.5462464798706332,0.042186940638546146,-0.2311723328037363
1250,all-mpnet-base-v2,prior,fl,greedy,prior/fl/greedy,0.8036655104226991,0.05468954817163495,0.813422387898012,0.7954523603183967,0.7986474708567336,0.7762097537206548,0.6201014384858397,0.8089192887833422,0.30134554734488705,-2.0408899819232382
1250,all-mpnet-base-v2,prior,mmr,cost_norm,prior/mmr/cost_norm,0.5589994021414162,0.06620304938405752,0.5616573624651563,0.5577903900027765,0.5520978116493013,0.5462278235079546,0.36884131113471874,0.5553103993123801,0.061029376950277506,-0.17426317257209206
1250,all-mpnet-base-v2,prior,graphcut,cost_norm,prior/graphcut/cost_norm,0.5568739315218102,0.06501610362726562,0.5601767586189196,0.555478005995487,0.5469150434978223,0.5397599116008764,0.3688411949554011,0.5508015685949335,0.047689575855708065,-0.20795163499929434
1250,all-mpnet-base-v2,prior,fl,cost_norm,prior/fl/cost_norm,0.828804414686761,0.05246346465856681,0.8319921558193171,0.8266641958469176,0.8259388835972648,0.8205008660377049,0.8160059781229698,0.8363584877303468,0.25427263785364496,-4.699155733270465
1250,all-mpnet-base-v2,prior,dpp,dpp,prior/dpp/dpp,0.4350552619908483,0.08750490800319415,0.4351909709198476,0.4364139816062895,0.43443914626513874,0.42919765518712466,0.2983326641404636,0.4027331697845975,0.17039295943137608,-1.1123931218500969
1250,all-mpnet-base-v2,prior,mmr,topk,prior/mmr/topk,0.3602817752159885,0.10218527271711039,0.3567283479889276,0.3654758875670642,0.34819920472994426,0.33406391859265544,0.3200558961933149,0.3416134350600998,0.41662658037582656,-22.75944216183896
1250,all-mpnet-base-v2,prior,graphcut,topk,prior/graphcut/topk,0.3602817752159885,0.10218527271711039,0.3567283479889276,0.3654758875670642,0.34819920472994426,0.33406391859265544,0.3200558961933149,0.3416134350600998,0.41662658037582656,-22.75944216183896
1250,all-mpnet-base-v2,prior,fl,topk,prior/fl/topk,0.3602817754549369,0.10218527275225464,0.3567283482994873,0.3654758877039058,0.3481992051594337,0.33406391859265544,0.3200558961933149,0.3416134354438536,0.41662658093813454,-22.758374892315775
